{
  "state": {
    "isStdOutTTY": true,
    "isStdErrTTY": true,
    "testRunDurationMs": 21552.763
  },
  "metrics": {
    "http_req_blocked": {
      "type": "trend",
      "contains": "time",
      "values": {
        "p(95)": 1221.0502999999958,
        "avg": 229.58218076922995,
        "min": 0,
        "med": 0.001,
        "max": 3498.233,
        "p(90)": 897.7250000000001
      }
    },
    "iterations": {
      "type": "counter",
      "contains": "default",
      "values": { "count": 260, "rate": 12.063418504625139 }
    },
    "http_req_sending": {
      "type": "trend",
      "contains": "time",
      "values": {
        "avg": 0.29518846153846134,
        "min": 0.02,
        "med": 0.138,
        "max": 6.657,
        "p(90)": 0.7041,
        "p(95)": 1.0006999999999988
      }
    },
    "http_req_connecting": {
      "type": "trend",
      "contains": "time",
      "values": {
        "p(95)": 470.83055,
        "avg": 73.0369153846154,
        "min": 0,
        "med": 0,
        "max": 822.636,
        "p(90)": 387.999
      }
    },
    "http_req_receiving": {
      "type": "trend",
      "contains": "time",
      "values": {
        "avg": 59.05246923076924,
        "min": 0.024,
        "med": 0.4195,
        "max": 2211.069,
        "p(90)": 58.32550000000005,
        "p(95)": 189.98094999999893
      }
    },
    "data_received": {
      "type": "counter",
      "contains": "data",
      "values": { "count": 359202, "rate": 16666.16943730138 }
    },
    "vus_max": {
      "type": "gauge",
      "contains": "default",
      "values": { "value": 50, "min": 50, "max": 50 }
    },
    "http_req_waiting": {
      "type": "trend",
      "contains": "time",
      "values": {
        "avg": 672.4843192307691,
        "min": 287.68,
        "med": 552.7964999999999,
        "max": 7917.894,
        "p(90)": 943.8368,
        "p(95)": 1062.51135
      }
    },
    "http_req_duration": {
      "thresholds": { "p(95)<5000": { "ok": true } },
      "type": "trend",
      "contains": "time",
      "values": {
        "avg": 731.8319769230767,
        "min": 293.913,
        "med": 569.2165,
        "max": 7920.213,
        "p(90)": 1023.7070000000001,
        "p(95)": 1412.7382999999986
      }
    },
    "http_reqs": {
      "type": "counter",
      "contains": "default",
      "values": { "count": 260, "rate": 12.063418504625139 }
    },
    "http_req_duration{expected_response:true}": {
      "contains": "time",
      "values": {
        "p(90)": 1023.7070000000001,
        "p(95)": 1412.7382999999986,
        "avg": 731.8319769230767,
        "min": 293.913,
        "med": 569.2165,
        "max": 7920.213
      },
      "type": "trend"
    },
    "http_req_failed": {
      "type": "rate",
      "contains": "default",
      "values": { "rate": 0, "passes": 0, "fails": 260 }
    },
    "iteration_duration": {
      "type": "trend",
      "contains": "time",
      "values": {
        "p(95)": 3402.5584833,
        "avg": 1963.3288767230772,
        "min": 1295.626917,
        "med": 1631.674979,
        "max": 8921.384,
        "p(90)": 2788.7566164000004
      }
    },
    "vus": {
      "type": "gauge",
      "contains": "default",
      "values": { "value": 5, "min": 2, "max": 50 }
    },
    "failure_rate": {
      "values": { "rate": 0, "passes": 0, "fails": 260 },
      "thresholds": { "rate<0.05": { "ok": true } },
      "type": "rate",
      "contains": "default"
    },
    "checks": {
      "type": "rate",
      "contains": "default",
      "values": { "passes": 780, "fails": 0, "rate": 1 }
    },
    "http_req_tls_handshaking": {
      "contains": "time",
      "values": {
        "med": 0,
        "max": 2675.466,
        "p(90)": 488.5294,
        "p(95)": 698.6768499999985,
        "avg": 149.4200884615385,
        "min": 0
      },
      "type": "trend"
    },
    "data_sent": {
      "type": "counter",
      "contains": "data",
      "values": { "count": 56463, "rate": 2619.756919333266 }
    }
  },
  "root_group": {
    "name": "",
    "path": "",
    "id": "d41d8cd98f00b204e9800998ecf8427e",
    "groups": [],
    "checks": [
      {
        "passes": 260,
        "fails": 0,
        "name": "is status 200",
        "path": "::is status 200",
        "id": "548d37ca5f33793206f7832e7cea54fb"
      },
      {
        "name": "has correct ID",
        "path": "::has correct ID",
        "id": "cc1b8d0abd591a07dbdeea3ce8f36551",
        "passes": 260,
        "fails": 0
      },
      {
        "name": "has correct title",
        "path": "::has correct title",
        "id": "044b478cacf39cb17cbe0047355ac515",
        "passes": 260,
        "fails": 0
      }
    ]
  },
  "options": {
    "summaryTrendStats": ["avg", "min", "med", "max", "p(90)", "p(95)"],
    "summaryTimeUnit": "",
    "noColor": false
  }
}
